external_member_id,first_name,last_name,date_of_birth,sex_at_birth,phone,email,city,state,zip_code,country
M-100001,Michelle,Edwards,1956-07-22,male,+1-555-6556,michelle.edwards1@example.com,New York,NY,10001,United_States
M-100002,Janet,Hall,1948-08-03,female,+1-555-2131,janet.hall2@example.com,Bridgeport,CT,06604,United_States
M-100003,Sharon,Evans,1972-08-22,female,+1-555-3839,sharon.evans3@example.com,Mountain View,CA,94041,United_States
M-100004,Michael,Rodriguez,1969-04-30,female,+1-555-5060,michael.rodriguez4@example.com,Albuquerque,NM,87101,United_States
M-100005,Donna,Castillo,1994-05-24,female,+1-555-6452,donna.castillo5@example.com,Saco,ME,04072,United_States
M-100006,Rachel,Murphy,1978-05-22,female,+1-555-9883,rachel.murphy6@example.com,Boise,ID,83701,United_States
M-100007,Austin,Thompson,1998-10-17,female,+1-555-2947,austin.thompson7@example.com,Nashville,TN,37201,United_States
M-100008,Taylor,Murphy,2001-07-07,female,+1-555-9069,taylor.murphy8@example.com,Stamford,CT,06901,United_States
M-100009,Rachel,Clark,1967-09-11,male,+1-555-9058,rachel.clark9@example.com,Norwalk,CT,06850,United_States
M-100010,Jacob,Robinson,1970-02-04,female,+1-555-8216,jacob.robinson10@example.com,Buffalo,NY,14201,United_States
M-100011,Brian,Anderson,1982-05-28,female,+1-555-9951,brian.anderson11@example.com,Portland,OR,97201,United_States
M-100012,Susan,Brooks,1964-07-09,male,+1-555-8664,susan.brooks12@example.com,Norwalk,CT,06850,United_States
M-100013,Carolyn,Reed,1986-01-29,male,+1-555-8293,carolyn.reed13@example.com,Milwaukee,WI,53201,United_States
M-100014,David,Howard,1976-01-25,female,+1-555-4845,david.howard14@example.com,San Francisco,CA,94102,United_States
M-100015,Lisa,Diaz,1981-05-13,male,+1-555-7625,lisa.diaz15@example.com,Denver,CO,80201,United_States
M-100016,Eric,Scott,1978-04-09,female,+1-555-9115,eric.scott16@example.com,Reno,NV,89501,United_States
M-100017,Rachel,Murphy,1972-09-13,female,+1-555-2465,rachel.murphy17@example.com,Barre,VT,05641,United_States
M-100018,Emily,Perez,2008-03-10,male,+1-555-7180,emily.perez18@example.com,Chicago,IL,60601,United_States
M-100019,Nancy,Allen,1979-04-14,female,+1-555-1657,nancy.allen19@example.com,Portland,ME,04101,United_States
M-100020,Sarah,Hall,1955-05-03,male,+1-555-6122,sarah.hall20@example.com,Boston,MA,02108,United_States
M-100021,Donna,Flores,1984-09-06,female,+1-555-8143,donna.flores21@example.com,Memphis,TN,37501,United_States
M-100022,John,Garcia,1981-04-09,female,+1-555-4104,john.garcia22@example.com,Minneapolis,MN,55401,United_States
M-100023,Andrew,Wright,1961-03-16,female,+1-555-8333,andrew.wright23@example.com,Corvallis,OR,97330,United_States
M-100024,Robert,Patel,1992-02-04,female,+1-555-2388,robert.patel24@example.com,Saco,ME,04072,United_States
M-100025,David,Jackson,1973-08-26,female,+1-555-5728,david.jackson25@example.com,Medford,OR,97501,United_States
M-100026,Adam,Carter,1981-05-23,male,+1-555-5961,adam.carter26@example.com,Memphis,TN,37501,United_States
M-100027,Alex,Lopez,1956-03-20,female,+1-555-7707,alex.lopez27@example.com,Santa Fe,NM,87501,United_States
M-100028,Eric,Adams,1995-04-01,male,+1-555-1392,eric.adams28@example.com,Lexington,KY,40502,United_States
M-100029,Dorothy,Lopez,1995-01-24,female,+1-555-7223,dorothy.lopez29@example.com,Portland,ME,04101,United_States
M-100030,Adam,Anderson,1955-07-17,male,+1-555-5463,adam.anderson30@example.com,Ann Arbor,MI,48104,United_States
M-100031,Patrick,Gray,1954-02-13,female,+1-555-4236,patrick.gray31@example.com,West Hartford,CT,06107,United_States
M-100032,Michael,Anderson,2006-04-11,male,+1-555-3772,michael.anderson32@example.com,Atlanta,GA,30301,United_States
M-100033,Margaret,Taylor,1959-10-24,female,+1-555-6250,margaret.taylor33@example.com,Chapel Hill,NC,27514,United_States
M-100034,Steven,Gonzalez,1995-01-20,male,+1-555-6582,steven.gonzalez34@example.com,Austin,TX,73301,United_States
M-100035,Ashley,Cox,1975-08-02,male,+1-555-2087,ashley.cox35@example.com,Raleigh,NC,27601,United_States
M-100036,Robert,Jones,1995-01-12,male,+1-555-4232,robert.jones36@example.com,Rutland,VT,05701,United_States
M-100037,Scott,Ramos,1960-06-28,female,+1-555-9963,scott.ramos37@example.com,Milwaukee,WI,53201,United_States
M-100038,Riley,Watson,1965-02-23,male,+1-555-1009,riley.watson38@example.com,Bend,OR,97701,United_States
M-100039,Carol,Reed,1982-03-23,male,+1-555-1609,carol.reed39@example.com,Colchester,VT,05446,United_States
M-100040,Mark,Cook,1974-06-09,male,+1-555-5436,mark.cook40@example.com,Omaha,NE,68101,United_States
M-100041,John,Miller,1959-02-24,female,+1-555-2693,john.miller41@example.com,Austin,TX,73301,United_States
M-100042,Scott,Rogers,1971-01-16,male,+1-555-1363,scott.rogers42@example.com,St. Albans,VT,05478,United_States
M-100043,Scott,Ross,1964-08-28,male,+1-555-6836,scott.ross43@example.com,Stamford,CT,06901,United_States
M-100044,Steven,Fernandez,1960-07-22,male,+1-555-8127,steven.fernandez44@example.com,San Jose,CA,95101,United_States
M-100045,Samantha,Campbell,1975-03-04,female,+1-555-5267,samantha.campbell45@example.com,Syracuse,NY,13202,United_States
M-100046,Laura,Ruiz,1997-11-26,male,+1-555-2840,laura.ruiz46@example.com,Los Angeles,CA,90001,United_States
M-100047,Nathan,Baker,1981-09-16,female,+1-555-5809,nathan.baker47@example.com,Durham,NC,27701,United_States
M-100048,Avery,Baker,1981-03-01,female,+1-555-2591,avery.baker48@example.com,Santa Fe,NM,87501,United_States
M-100049,Nathan,Smith,1974-12-09,female,+1-555-9834,nathan.smith49@example.com,Boston,MA,02108,United_States
M-100050,Jacob,Castillo,1981-01-18,female,+1-555-7667,jacob.castillo50@example.com,Seattle,WA,98101,United_States
M-100051,Donald,Mendoza,2005-08-27,female,+1-555-8488,donald.mendoza51@example.com,Houston,TX,77001,United_States
M-100052,Nathan,Watson,1986-05-18,male,+1-555-4452,nathan.watson52@example.com,Saco,ME,04072,United_States
M-100053,Kathleen,Flores,1971-10-19,female,+1-555-1821,kathleen.flores53@example.com,Jackson,MS,39201,United_States
M-100054,Kimberly,Fernandez,1958-09-08,male,+1-555-3343,kimberly.fernandez54@example.com,Durham,NC,27701,United_States
M-100055,David,Martinez,1986-10-22,male,+1-555-1480,david.martinez55@example.com,Portland,ME,04101,United_States
M-100056,George,Evans,1962-09-03,male,+1-555-5577,george.evans56@example.com,St. Paul,MN,55101,United_States
M-100057,Dorothy,Turner,1998-02-14,female,+1-555-5581,dorothy.turner57@example.com,San Francisco,CA,94102,United_States
M-100058,Jonathan,Brooks,2002-11-05,male,+1-555-7682,jonathan.brooks58@example.com,Auburn,ME,04210,United_States
M-100059,Linda,Wright,2002-10-05,female,+1-555-6964,linda.wright59@example.com,Spokane,WA,99201,United_States
M-100060,Linda,Long,1986-12-02,male,+1-555-8359,linda.long60@example.com,Danbury,CT,06810,United_States
M-100061,Richard,Mendoza,1988-07-27,male,+1-555-1520,richard.mendoza61@example.com,Danbury,CT,06810,United_States
M-100062,Cynthia,Cooper,1989-09-05,female,+1-555-5589,cynthia.cooper62@example.com,Madison,WI,53703,United_States
M-100063,Jessica,Cooper,1952-07-05,female,+1-555-7679,jessica.cooper63@example.com,San Diego,CA,92101,United_States
M-100064,Thomas,Adams,1991-11-18,female,+1-555-6362,thomas.adams64@example.com,San Jose,CA,95101,United_States
M-100065,Deborah,Brooks,1981-08-13,female,+1-555-5698,deborah.brooks65@example.com,Salem,OR,97301,United_States
M-100066,Jonathan,Patel,1990-01-17,female,+1-555-2957,jonathan.patel66@example.com,Denver,CO,80201,United_States
M-100067,Rachel,Howard,1944-10-17,female,+1-555-3135,rachel.howard67@example.com,Saco,ME,04072,United_States
M-100068,Cynthia,Evans,1968-11-03,female,+1-555-5108,cynthia.evans68@example.com,Milwaukee,WI,53201,United_States
M-100069,Adam,Murphy,1963-01-10,male,+1-555-8916,adam.murphy69@example.com,Lexington,KY,40502,United_States
M-100070,Jordan,Jimenez,1941-11-23,female,+1-555-6847,jordan.jimenez70@example.com,Stamford,CT,06901,United_States
M-100071,Morgan,Campbell,1966-11-18,female,+1-555-2605,morgan.campbell71@example.com,Biddeford,ME,04005,United_States
M-100072,Andrew,Martinez,1972-11-24,female,+1-555-6262,andrew.martinez72@example.com,Salem,OR,97301,United_States
M-100073,Cynthia,Baker,1976-03-18,male,+1-555-9458,cynthia.baker73@example.com,Chapel Hill,NC,27514,United_States
M-100074,Robert,Green,1970-07-16,female,+1-555-1623,robert.green74@example.com,Memphis,TN,37501,United_States
M-100075,Richard,Cox,2001-08-22,male,+1-555-5453,richard.cox75@example.com,Omaha,NE,68101,United_States
M-100076,Patrick,Gutierrez,1964-01-24,male,+1-555-9555,patrick.gutierrez76@example.com,Hartford,CT,06103,United_States
M-100077,Thomas,Davis,1988-12-13,female,+1-555-4455,thomas.davis77@example.com,Reno,NV,89501,United_States
M-100078,Brenda,Turner,1975-03-09,male,+1-555-9408,brenda.turner78@example.com,Dallas,TX,75201,United_States
M-100079,Margaret,Miller,1937-06-24,male,+1-555-1824,margaret.miller79@example.com,Buffalo,NY,14201,United_States
M-100080,Kimberly,White,1987-09-12,male,+1-555-2897,kimberly.white80@example.com,Louisville,KY,40201,United_States
M-100081,Paul,Smith,1968-04-26,female,+1-555-7960,paul.smith81@example.com,Augusta,ME,04330,United_States
M-100082,Andrew,Campbell,1975-04-01,female,+1-555-9928,andrew.campbell82@example.com,Ann Arbor,MI,48104,United_States
M-100083,Sharon,Cox,1969-09-08,male,+1-555-2074,sharon.cox83@example.com,Winooski,VT,05404,United_States
M-100084,Nicholas,Rogers,1984-03-03,male,+1-555-4818,nicholas.rogers84@example.com,New York,NY,10001,United_States
M-100085,Mary,Wright,2007-06-18,male,+1-555-2046,mary.wright85@example.com,Albuquerque,NM,87101,United_States
M-100086,Zachary,Moore,1966-11-17,female,+1-555-8000,zachary.moore86@example.com,New Haven,CT,06510,United_States
M-100087,Mark,Rogers,1977-08-05,male,+1-555-1493,mark.rogers87@example.com,Raleigh,NC,27601,United_States
M-100088,Joseph,Morgan,1969-11-21,female,+1-555-3828,joseph.morgan88@example.com,Kansas City,MO,64101,United_States
M-100089,Dorothy,Young,1968-06-08,male,+1-555-9511,dorothy.young89@example.com,Spokane,WA,99201,United_States
M-100090,Michelle,Taylor,1978-12-25,female,+1-555-3368,michelle.taylor90@example.com,Winooski,VT,05404,United_States
M-100091,Avery,Watson,1931-02-02,female,+1-555-4965,avery.watson91@example.com,Chapel Hill,NC,27514,United_States
M-100092,Steven,Ruiz,1962-04-14,male,+1-555-7751,steven.ruiz92@example.com,Madison,WI,53703,United_States
M-100093,Daniel,Cox,1974-05-09,female,+1-555-4545,daniel.cox93@example.com,Louisville,KY,40201,United_States
M-100094,Deborah,Kim,1988-10-20,female,+1-555-6079,deborah.kim94@example.com,Des Moines,IA,50301,United_States
M-100095,Helen,Perez,2006-08-03,female,+1-555-4089,helen.perez95@example.com,Bend,OR,97701,United_States
M-100096,Anthony,Howard,1962-08-25,male,+1-555-1660,anthony.howard96@example.com,Louisville,KY,40201,United_States
M-100097,Donald,Martinez,1954-05-10,male,+1-555-3518,donald.martinez97@example.com,Little Rock,AR,72201,United_States
M-100098,Deborah,Green,1974-12-15,male,+1-555-1062,deborah.green98@example.com,Austin,TX,73301,United_States
M-100099,Rebecca,Gonzalez,1961-04-01,male,+1-555-5334,rebecca.gonzalez99@example.com,Little Rock,AR,72201,United_States
M-100100,John,Ruiz,2000-08-22,female,+1-555-4696,john.ruiz100@example.com,Des Moines,IA,50301,United_States
